Version, File Name, Size, LOCAdded, LOCTouched, MaxLOCAdded, averageLOCAdded, NR, Churn, MaxChurn, AverageChurn, nAuthors, Buggy
1, hedwig-server/src/main/java/org/apache/hedwig/server/common/UnexpectedError.java, 35, 36,37,35,18.0,2,35,35,17.5,2,false
1, hedwig-client/src/main/java/org/apache/hedwig/client/netty/HedwigPublisher.java, 231, 243,255,224,48.0,5,231,224,46.20000076293945,2,true
1, bookkeeper-server/src/main/java/org/apache/bookkeeper/tools/BookKeeperTools.java, 92, 834,1576,763,139.0,6,92,763,15.333333015441895,3,false
1, bookkeeper-server/src/main/java/org/apache/bookkeeper/client/CRC32DigestManager.java, 50, 53,56,50,26.0,2,50,50,25.0,2,false
1, hedwig-server/src/main/java/org/apache/hedwig/server/handlers/ChannelDisconnectListener.java, 29, 30,31,29,15.0,2,29,29,14.5,2,false
1, hedwig-server/src/main/java/org/apache/hedwig/server/handlers/Handler.java, 37, 40,43,37,20.0,2,37,37,18.5,2,false
1, bookkeeper-server/src/main/java/org/apache/bookkeeper/bookie/BufferedChannel.java, 180, 195,210,168,48.0,4,180,168,45.0,2,false
1, bookkeeper-server/src/main/java/org/apache/bookkeeper/bookie/MarkerFileChannel.java, 147, 147,147,147,147.0,1,147,147,147.0,1,false
1, hedwig-server/src/main/java/org/apache/hedwig/zookeeper/SafeAsyncZKCallback.java, 98, 99,100,98,49.0,2,98,98,49.0,2,false
1, hedwig-client/src/main/java/org/apache/hedwig/client/data/PubSubData.java, 149, 152,155,149,76.0,2,149,149,74.5,2,false
1, hedwig-server/src/main/java/org/apache/hedwig/server/common/ByteStringInterner.java, 45, 45,45,45,45.0,1,45,45,45.0,1,false
1, hedwig-server/src/main/java/org/apache/hedwig/server/benchmark/BookieBenchmark.java, 105, 148,191,103,29.0,5,105,103,21.0,3,false
1, hedwig-server/src/main/java/org/apache/hedwig/server/subscriptions/ZkSubscriptionManager.java, 227, 279,331,226,93.0,3,227,226,75.66666412353516,2,false
1, bookkeeper-server/src/main/java/org/apache/bookkeeper/util/OrderedSafeExecutor.java, 98, 102,106,98,51.0,2,98,98,49.0,2,false
1, hedwig-client/src/main/java/org/apache/hedwig/client/handlers/MessageConsumeCallback.java, 96, 107,118,95,26.0,4,96,95,24.0,2,false
1, hedwig-server/src/main/java/org/apache/hedwig/server/regions/HedwigHubClientFactory.java, 60, 61,62,60,30.0,2,60,60,30.0,2,false
1, hedwig-server/src/main/java/org/apache/hedwig/server/handlers/PublishHandler.java, 68, 79,90,68,39.0,2,68,68,34.0,2,false
1, hedwig-client/src/main/java/org/apache/hedwig/client/data/TopicSubscriber.java, 74, 78,82,74,39.0,2,74,74,37.0,2,false
1, bookkeeper-server/src/main/java/org/apache/bookkeeper/proto/PerChannelBookieClient.java, 603, 683,763,573,75.0,9,603,573,67.0,3,true
1, hedwig-server/src/main/java/org/apache/hedwig/server/persistence/MapMethods.java, 62, 62,62,62,62.0,1,62,62,62.0,1,false
1, hedwig-client/src/main/java/org/apache/hedwig/client/handlers/UnsubscribeResponseHandler.java, 84, 93,102,83,23.0,4,84,83,21.0,2,false
1, bookkeeper-server/src/main/java/org/apache/bookkeeper/bookie/LedgerEntryPage.java, 157, 164,171,151,54.0,3,157,151,52.33333206176758,3,true
1, hedwig-server/src/main/java/org/apache/hedwig/zookeeper/SafeAsyncCallback.java, 35, 35,35,35,35.0,1,35,35,35.0,1,true
1, hedwig-protocol/src/main/java/org/apache/hedwig/protoextensions/SubscriptionStateUtils.java, 41, 42,43,41,21.0,2,41,41,20.5,2,false
1, hedwig-client/src/main/java/org/apache/hedwig/client/benchmark/BenchmarkUtils.java, 177, 181,185,176,60.0,3,177,176,59.0,2,true
1, hedwig-client/src/main/java/org/apache/hedwig/client/ssl/SslContextFactory.java, 66, 79,92,65,39.0,2,66,65,33.0,2,false
1, bookkeeper-server/src/main/java/org/apache/bookkeeper/client/LedgerEntry.java, 84, 133,182,83,44.0,3,84,83,28.0,2,false
1, bookkeeper-server/src/main/java/org/apache/bookkeeper/util/SafeRunnable.java, 39, 49,59,38,16.0,3,39,38,13.0,2,false
1, hedwig-server/src/main/java/org/apache/hedwig/server/ssl/SslServerContextFactory.java, 53, 53,53,53,53.0,1,53,53,53.0,1,false
1, hedwig-server/src/main/java/org/apache/hedwig/server/topics/AbstractTopicManager.java, 197, 208,219,187,52.0,4,197,187,49.25,3,true
1, hedwig-client/src/main/java/org/apache/hedwig/client/HedwigClient.java, 71, 72,72,72,72.0,1,72,72,72.0,1,false
1, hedwig-server/src/main/java/org/apache/hedwig/server/persistence/PersistenceManager.java, 91, 96,101,91,48.0,2,91,91,45.5,2,false
1, bookkeeper-server/src/main/java/org/apache/bookkeeper/client/LedgerOpenOp.java, 169, 232,295,140,25.0,9,169,140,18.77777862548828,3,true
1, hedwig-server/src/main/java/org/apache/hedwig/server/persistence/Factory.java, 22, 22,22,22,22.0,1,22,22,22.0,1,false
1, bookkeeper-server/src/main/java/org/apache/bookkeeper/client/LedgerMetadata.java, 248, 288,328,198,41.0,7,248,198,35.42856979370117,3,true
1, bookkeeper-server/src/main/java/org/apache/bookkeeper/meta/FlatLedgerManager.java, 193, 193,193,193,193.0,1,193,193,193.0,1,true
1, hedwig-client/src/main/java/org/apache/hedwig/util/Either.java, 50, 50,50,50,50.0,1,50,50,50.0,1,false
1, hedwig-server/src/main/java/org/apache/hedwig/server/proxy/ProxyStopDeliveryHandler.java, 74, 76,78,73,38.0,2,74,73,37.0,2,true
1, hedwig-client/src/main/java/org/apache/hedwig/util/FileUtils.java, 98, 100,102,97,50.0,2,98,97,49.0,2,false
1, hedwig-server/src/main/java/org/apache/hedwig/server/proxy/ProxyPublishHander.java, 62, 62,62,62,62.0,1,62,62,62.0,1,false
1, hedwig-server/src/main/java/org/apache/hedwig/server/persistence/BookkeeperPersistenceManager.java, 737, 886,1035,736,295.0,3,737,736,245.6666717529297,2,true
1, hedwig-client/src/main/java/org/apache/hedwig/client/api/MessageHandler.java, 48, 56,64,48,18.0,3,48,48,16.0,2,false
1, hedwig-server/src/main/java/org/apache/hedwig/server/delivery/FIFODeliveryManager.java, 566, 600,634,561,150.0,4,566,561,141.5,3,true
1, hedwig-server/src/main/java/org/apache/hedwig/server/netty/PubSubServer.java, 385, 400,415,364,66.0,6,385,364,64.16666412353516,3,true
1, hedwig-client/src/main/java/org/apache/hedwig/client/benchmark/BenchmarkWorker.java, 46, 47,48,46,23.0,2,46,46,23.0,2,false
1, bookkeeper-server/src/main/java/org/apache/bookkeeper/client/DistributionSchedule.java, 61, 66,71,61,22.0,3,61,61,20.33333396911621,3,true
1, hedwig-server/src/main/java/org/apache/hedwig/server/delivery/DeliveryManager.java, 29, 30,31,29,15.0,2,29,29,14.5,2,true
1, hedwig-client/src/main/java/org/apache/hedwig/util/PathUtils.java, 56, 56,56,56,56.0,1,56,56,56.0,1,true
1, bookkeeper-server/src/main/java/org/apache/bookkeeper/bookie/FileInfo.java, 204, 210,216,124,42.0,5,204,124,40.79999923706055,3,true
1, bookkeeper-server/src/main/java/org/apache/bookkeeper/proto/BookieServer.java, 393, 489,585,209,44.0,11,393,209,35.727272033691406,3,true
1, hedwig-server/src/main/java/org/apache/hedwig/server/delivery/DeliveryEndPoint.java, 28, 28,28,28,28.0,1,28,28,28.0,1,false
1, hedwig-client/src/main/java/org/apache/hedwig/client/handlers/SubscribeReconnectCallback.java, 114, 123,132,113,30.0,4,114,113,28.5,2,true
1, bookkeeper-server/src/main/java/org/apache/bookkeeper/bookie/Bookie.java, 1026, 1246,1466,545,89.0,14,1026,545,73.28571319580078,3,true
1, hedwig-client/src/main/java/org/apache/hedwig/client/netty/HedwigClientImpl.java, 369, 369,369,369,369.0,1,369,369,369.0,1,true
1, hedwig-client/src/main/java/org/apache/hedwig/util/CallbackUtils.java, 183, 203,223,185,50.0,4,183,185,45.75,3,false
1, hedwig-server/src/main/java/org/apache/hedwig/server/proxy/ProxyConsumeHandler.java, 58, 60,62,57,30.0,2,58,57,29.0,2,false
1, bookkeeper-server/src/main/java/org/apache/bookkeeper/client/BookKeeperAdmin.java, 728, 931,1134,714,155.0,6,728,714,121.33333587646484,2,true
1, hedwig-client/src/main/java/org/apache/hedwig/client/api/Client.java, 41, 42,42,42,42.0,1,42,42,42.0,1,false
1, hedwig-server/src/main/java/org/apache/hedwig/server/common/ServerConfiguration.java, 289, 290,291,289,145.0,2,289,289,144.5,2,true
1, hedwig-server/src/main/java/org/apache/hedwig/zookeeper/SafeAsynBKCallback.java, 104, 134,164,104,67.0,2,104,104,52.0,2,false
1, bookkeeper-server/src/main/java/org/apache/bookkeeper/proto/BookieClient.java, 181, 203,225,178,29.0,7,181,178,25.85714340209961,3,true
1, hedwig-client/src/main/java/org/apache/hedwig/util/Pair.java, 42, 42,42,42,42.0,1,42,42,42.0,1,false
1, hedwig-server/src/main/java/org/apache/hedwig/server/handlers/BaseHandler.java, 64, 80,96,64,40.0,2,64,64,32.0,2,false
1, bookkeeper-server/src/main/java/org/apache/bookkeeper/client/BookKeeper.java, 548, 1040,1532,410,115.0,9,548,410,60.88888931274414,3,true
1, hedwig-client/src/main/java/org/apache/hedwig/util/HedwigSocketAddress.java, 138, 138,138,138,138.0,1,138,138,138.0,1,true
1, bookkeeper-server/src/main/java/org/apache/bookkeeper/client/ReadOnlyLedgerHandle.java, 78, 78,78,78,78.0,1,78,78,78.0,1,true
1, hedwig-server/src/main/java/org/apache/hedwig/server/topics/TrivialOwnAllTopicManager.java, 52, 54,56,52,27.0,2,52,52,26.0,2,true
1, hedwig-client/src/main/java/org/apache/hedwig/client/data/MessageConsumeData.java, 58, 59,60,58,29.0,2,58,58,29.0,2,false
1, hedwig-client/src/main/java/org/apache/hedwig/client/benchmark/BenchmarkSubscriber.java, 137, 150,163,136,37.0,4,137,136,34.25,2,true
1, hedwig-client/src/main/java/org/apache/hedwig/client/netty/ClientChannelPipelineFactory.java, 58, 63,68,58,21.0,3,58,58,19.33333396911621,2,false
1, hedwig-client/src/main/java/org/apache/hedwig/client/ssl/SslClientContextFactory.java, 41, 41,41,41,41.0,1,41,41,41.0,1,false
1, hedwig-client/src/main/java/org/apache/hedwig/client/exceptions/ServerRedirectLoopException.java, 38, 40,42,38,20.0,2,38,38,19.0,2,false
1, bookkeeper-server/src/main/java/org/apache/bookkeeper/util/StringUtils.java, 69, 98,127,94,32.0,3,69,94,23.0,3,false
1, hedwig-server/src/main/java/org/apache/hedwig/server/subscriptions/AbstractSubscriptionManager.java, 452, 472,492,450,118.0,4,452,450,113.0,2,true
1, bookkeeper-server/src/main/java/org/apache/bookkeeper/client/RoundRobinDistributionSchedule.java, 87, 88,89,87,44.0,2,87,87,43.5,2,true
1, hedwig-server/src/main/java/org/apache/hedwig/server/handlers/UnsubscribeHandler.java, 72, 73,74,72,36.0,2,72,72,36.0,2,false
1, bookkeeper-server/src/main/java/org/apache/bookkeeper/client/SyncCounter.java, 85, 86,87,85,43.0,2,85,85,42.5,2,false
1, hedwig-server/src/main/java/org/apache/hedwig/server/delivery/ChannelEndPoint.java, 81, 81,81,81,81.0,1,81,81,81.0,1,true
1, hedwig-server/src/main/java/org/apache/hedwig/server/topics/TopicManager.java, 75, 81,87,75,40.0,2,75,75,37.5,2,true
1, hedwig-server/src/main/java/org/apache/hedwig/server/common/TerminateJVMExceptionHandler.java, 32, 35,38,31,17.0,2,32,31,16.0,2,true
1, hedwig-client/src/main/java/org/apache/hedwig/client/netty/WriteCallback.java, 99, 108,117,98,27.0,4,99,98,24.75,2,true
1, hedwig-server/src/main/java/org/apache/hedwig/server/netty/UmbrellaHandler.java, 159, 163,167,158,54.0,3,159,158,53.0,2,false
1, bookkeeper-server/src/main/java/org/apache/bookkeeper/client/BookieWatcher.java, 205, 212,219,204,53.0,4,205,204,51.25,2,true
1, bookkeeper-server/src/main/java/org/apache/bookkeeper/client/BKException.java, 271, 280,289,249,70.0,4,271,249,67.75,3,true
1, hedwig-server/src/main/java/org/apache/hedwig/server/benchmark/FakeBookie.java, 101, 151,201,100,50.0,3,101,100,33.66666793823242,2,false
1, hedwig-server/src/main/java/org/apache/hedwig/server/regions/HedwigHubSubscriber.java, 70, 76,82,70,25.0,3,70,70,23.33333396911621,2,false
1, bookkeeper-server/src/main/java/org/apache/bookkeeper/meta/HierarchicalLedgerManager.java, 514, 514,514,514,514.0,1,514,514,514.0,1,true
1, bookkeeper-server/src/main/java/org/apache/bookkeeper/util/Main.java, 54, 59,64,54,19.0,3,54,54,18.0,3,false
1, hedwig-server/src/main/java/org/apache/hedwig/server/common/TopicOpQueuer.java, 111, 111,111,111,111.0,1,111,111,111.0,1,false
1, hedwig-server/src/main/java/org/apache/hedwig/server/persistence/ScanRequest.java, 64, 65,66,64,32.0,2,64,64,32.0,2,false
1, hedwig-client/src/main/java/org/apache/hedwig/client/handlers/PubSubCallback.java, 88, 91,94,87,30.0,3,88,87,29.33333396911621,2,false
1, hedwig-client/src/main/java/org/apache/hedwig/util/Option.java, 43, 43,43,43,43.0,1,43,43,43.0,1,false
1, hedwig-server/src/main/java/org/apache/hedwig/server/topics/ZkTopicManager.java, 429, 506,583,428,168.0,3,429,428,143.0,2,true
1, hedwig-server/src/main/java/org/apache/hedwig/server/persistence/CacheKey.java, 74, 76,78,74,38.0,2,74,74,37.0,2,false
1, hedwig-server/src/main/java/org/apache/hedwig/server/persistence/CacheValue.java, 94, 97,100,93,32.0,3,94,93,31.33333396911621,2,false
1, hedwig-client/src/main/java/org/apache/hedwig/client/handlers/SubscribeResponseHandler.java, 336, 414,492,329,69.0,6,336,329,56.0,3,true
1, hedwig-server/src/main/java/org/apache/hedwig/server/handlers/SubscribeHandler.java, 154, 165,176,153,55.0,3,154,153,51.33333206176758,2,false
1, bookkeeper-server/src/main/java/org/apache/bookkeeper/util/LocalBookKeeper.java, 234, 438,642,209,73.0,6,234,209,39.0,3,true
1, hedwig-client/src/main/java/org/apache/hedwig/client/benchmark/HedwigBenchmark.java, 128, 137,146,127,27.0,5,128,127,25.600000381469727,3,false
1, bookkeeper-server/src/main/java/org/apache/bookkeeper/client/LedgerHandle.java, 762, 1462,2162,547,121.0,12,762,547,63.5,3,true
1, hedwig-client/src/main/java/org/apache/hedwig/client/conf/ClientConfiguration.java, 149, 152,155,148,50.0,3,149,148,49.66666793823242,2,false
1, hedwig-server/src/main/java/org/apache/hedwig/server/subscriptions/MessageFilter.java, 31, 32,33,31,16.0,2,31,31,15.5,2,false
1, bookkeeper-server/src/main/java/org/apache/bookkeeper/util/ZkUtils.java, 94, 94,94,94,94.0,1,94,94,94.0,1,false
1, hedwig-client/src/main/java/org/apache/hedwig/conf/AbstractConfiguration.java, 54, 55,56,45,18.0,3,54,45,18.0,3,false
1, hedwig-client/src/main/java/org/apache/hedwig/client/api/Publisher.java, 63, 67,71,63,33.0,2,63,63,31.5,2,false
1, hedwig-client/src/main/java/org/apache/hedwig/client/netty/ResponseHandler.java, 366, 390,414,365,78.0,5,366,365,73.19999694824219,2,true
1, bookkeeper-server/src/main/java/org/apache/bookkeeper/client/DigestManager.java, 185, 207,229,184,41.0,5,185,184,37.0,3,true
1, hedwig-client/src/main/java/org/apache/hedwig/client/netty/HedwigSubscriber.java, 586, 645,704,585,161.0,4,586,585,146.5,2,true
1, bookkeeper-server/src/main/java/org/apache/bookkeeper/conf/AbstractConfiguration.java, 105, 106,107,61,53.0,2,105,61,52.5,1,true
1, bookkeeper-server/src/main/java/org/apache/bookkeeper/proto/BookieProtocol.java, 154, 162,170,75,40.0,4,154,75,38.5,3,true
1, hedwig-server/src/main/java/org/apache/hedwig/server/subscriptions/SubscriptionEventListener.java, 57, 61,65,57,30.0,2,57,57,28.5,2,false
1, hedwig-server/src/main/java/org/apache/hedwig/server/subscriptions/SubscriptionManager.java, 104, 111,118,104,55.0,2,104,104,52.0,2,true
1, hedwig-client/src/main/java/org/apache/hedwig/client/api/Subscriber.java, 237, 257,277,237,128.0,2,237,237,118.5,2,true
1, hedwig-client/src/main/java/org/apache/hedwig/client/handlers/PublishResponseHandler.java, 71, 78,85,70,19.0,4,71,70,17.75,2,false
1, hedwig-server/src/main/java/org/apache/hedwig/server/proxy/ChannelTracker.java, 124, 127,130,124,63.0,2,124,124,62.0,2,false
1, bookkeeper-server/src/main/java/org/apache/bookkeeper/meta/LedgerManagerFactory.java, 98, 98,98,98,98.0,1,98,98,98.0,1,false
1, hedwig-server/src/main/java/org/apache/hedwig/server/regions/RegionManager.java, 183, 202,221,180,50.0,4,183,180,45.75,2,true
1, hedwig-client/src/main/java/org/apache/hedwig/util/ConcurrencyUtils.java, 49, 49,49,49,49.0,1,49,49,49.0,1,false
1, bookkeeper-server/src/main/java/org/apache/bookkeeper/proto/ServerStats.java, 148, 148,148,148,148.0,1,148,148,148.0,1,false
1, hedwig-server/src/main/java/org/apache/hedwig/server/proxy/ProxyConfiguration.java, 36, 41,46,36,20.0,2,36,36,18.0,2,true
1, hedwig-server/src/main/java/org/apache/hedwig/zookeeper/ZkUtils.java, 79, 94,109,78,31.0,3,79,78,26.33333396911621,2,false
1, hedwig-client/src/main/java/org/apache/hedwig/client/benchmark/BenchmarkPublisher.java, 133, 139,145,133,46.0,3,133,133,44.33333206176758,2,true
1, hedwig-server/src/main/java/org/apache/hedwig/server/persistence/ScanCallbackWithContext.java, 37, 37,37,37,37.0,1,37,37,37.0,1,false
1, hedwig-server/src/main/java/org/apache/hedwig/server/proxy/HedwigProxy.java, 160, 167,174,159,41.0,4,160,159,40.0,2,true
1, bookkeeper-server/src/main/java/org/apache/bookkeeper/meta/AbstractZkLedgerManager.java, 253, 255,257,251,127.0,2,253,251,126.5,1,true
1, hedwig-server/src/main/java/org/apache/hedwig/server/persistence/PersistenceManagerWithRangeScan.java, 27, 28,29,27,14.0,2,27,27,13.5,2,false
1, hedwig-server/src/main/java/org/apache/hedwig/server/benchmark/BookkeeperBenchmark.java, 92, 126,160,91,31.0,4,92,91,23.0,3,false
1, hedwig-server/src/main/java/org/apache/hedwig/server/subscriptions/InMemorySubscriptionState.java, 64, 65,66,64,32.0,2,64,64,32.0,2,true
1, bookkeeper-server/src/main/java/org/apache/bookkeeper/bookie/LedgerCache.java, 551, 621,691,536,88.0,7,551,536,78.71428680419922,3,true
1, bookkeeper-server/src/main/java/org/apache/bookkeeper/client/LedgerRecoveryOp.java, 196, 224,252,178,37.0,6,196,178,32.66666793823242,3,true
1, bookkeeper-server/src/main/java/org/apache/bookkeeper/meta/LedgerLayout.java, 204, 204,204,204,204.0,1,204,204,204.0,1,false
1, hedwig-server/src/main/java/org/apache/hedwig/server/delivery/DeliveryCallback.java, 27, 27,27,27,27.0,1,27,27,27.0,1,false
1, hedwig-server/src/main/java/org/apache/hedwig/server/persistence/RangeScanRequest.java, 77, 79,81,77,39.0,2,77,77,38.5,2,false
1, hedwig-protocol/src/main/java/org/apache/hedwig/protocol/PubSubProtocol.java, 6367, 12222,18077,6127,6111.0,2,6367,6095,3183.5,2,false
1, hedwig-server/src/main/java/org/apache/hedwig/server/persistence/ReadAheadCache.java, 704, 742,780,703,247.0,3,704,703,234.6666717529297,2,true
1, hedwig-server/src/main/java/org/apache/hedwig/server/benchmark/AbstractBenchmark.java, 105, 155,205,104,51.0,3,105,104,35.0,2,false
1, bookkeeper-server/src/main/java/org/apache/bookkeeper/bookie/EntryLogger.java, 471, 633,795,487,70.0,9,471,487,52.33333206176758,3,true
1, bookkeeper-server/src/main/java/org/apache/bookkeeper/conf/ClientConfiguration.java, 216, 224,232,216,56.0,4,216,216,54.0,2,true
1, bookkeeper-server/src/main/java/org/apache/bookkeeper/client/LedgerDeleteOp.java, 81, 92,103,80,23.0,4,81,80,20.25,3,false
1, hedwig-server/src/main/java/org/apache/hedwig/server/regions/HedwigHubClient.java, 48, 50,52,48,25.0,2,48,48,24.0,2,false
1, hedwig-protocol/src/main/java/org/apache/hedwig/exceptions/PubSubException.java, 162, 163,164,162,81.0,2,162,162,81.0,2,false
1, bookkeeper-server/src/main/java/org/apache/bookkeeper/bookie/BookieException.java, 92, 121,150,81,40.0,3,92,81,30.66666603088379,3,true
1, hedwig-client/src/main/java/org/apache/hedwig/util/Callback.java, 47, 51,55,47,25.0,2,47,47,23.5,2,false
1, bookkeeper-server/src/main/java/org/apache/bookkeeper/meta/LedgerManager.java, 144, 144,144,144,144.0,1,144,144,144.0,1,true
1, bookkeeper-server/src/main/java/org/apache/bookkeeper/client/PendingAddOp.java, 165, 182,199,138,45.0,4,165,138,41.25,3,true
1, hedwig-server/src/main/java/org/apache/hedwig/server/subscriptions/AllToAllTopologyFilter.java, 39, 39,39,39,39.0,1,39,39,39.0,1,false
1, bookkeeper-server/src/main/java/org/apache/bookkeeper/client/LedgerCreateOp.java, 157, 210,263,167,26.0,8,157,167,19.625,3,true
1, hedwig-client/src/main/java/org/apache/hedwig/client/netty/ConnectCallback.java, 123, 130,137,122,32.0,4,123,122,30.75,2,true
1, hedwig-server/src/main/java/org/apache/hedwig/server/persistence/LocalDBPersistenceManager.java, 427, 439,451,426,146.0,3,427,426,142.3333282470703,2,true
1, bookkeeper-server/src/main/java/org/apache/bookkeeper/proto/NIOServerFactory.java, 533, 556,579,521,69.0,8,533,521,66.625,3,false
1, hedwig-server/src/main/java/org/apache/hedwig/server/proxy/ProxySubscribeHandler.java, 83, 86,89,82,28.0,3,83,82,27.66666603088379,2,false
1, bookkeeper-server/src/main/java/org/apache/bookkeeper/bookie/LedgerDescriptor.java, 149, 168,187,133,33.0,5,149,133,29.799999237060547,3,true
1, hedwig-protocol/src/main/java/org/apache/hedwig/protoextensions/MessageIdUtils.java, 153, 155,157,153,77.0,2,153,153,76.5,2,false
1, bookkeeper-server/src/main/java/org/apache/bookkeeper/util/MathUtils.java, 38, 43,48,38,21.0,2,38,38,19.0,2,false
1, hedwig-server/src/main/java/org/apache/hedwig/server/handlers/ConsumeHandler.java, 64, 65,66,64,32.0,2,64,64,32.0,2,false
1, hedwig-server/src/main/java/org/apache/hedwig/server/proxy/ProxyStartDeliveryHandler.java, 130, 142,154,129,35.0,4,130,129,32.5,2,true
1, bookkeeper-server/src/main/java/org/apache/bookkeeper/client/AsyncCallback.java, 137, 269,401,126,53.0,5,137,126,27.399999618530273,3,true
1, hedwig-client/src/main/java/org/apache/hedwig/client/exceptions/InvalidSubscriberIdException.java, 37, 37,37,37,37.0,1,37,37,37.0,1,false
1, hedwig-server/src/main/java/org/apache/hedwig/server/persistence/PersistRequest.java, 58, 59,60,58,29.0,2,58,58,29.0,2,false
1, hedwig-server/src/main/java/org/apache/hedwig/server/subscriptions/TrueFilter.java, 32, 32,32,32,32.0,1,32,32,32.0,1,true
1, hedwig-server/src/main/java/org/apache/hedwig/server/topics/TopicOwnershipChangeListener.java, 28, 28,28,28,28.0,1,28,28,28.0,1,false
1, hedwig-client/src/main/java/org/apache/hedwig/client/exceptions/TooManyServerRedirectsException.java, 39, 40,41,39,20.0,2,39,39,19.5,2,false
1, bookkeeper-server/src/main/java/org/apache/bookkeeper/client/ReadLastConfirmedOp.java, 103, 127,151,101,21.0,6,103,101,17.16666603088379,2,true
1, hedwig-server/src/main/java/org/apache/hedwig/server/proxy/ProxyUnsubscribeHandler.java, 74, 74,74,74,74.0,1,74,74,74.0,1,false
1, hedwig-server/src/main/java/org/apache/hedwig/server/persistence/ScanCallback.java, 63, 67,71,63,33.0,2,63,63,31.5,2,false
1, bookkeeper-benchmark/src/main/java/org/apache/bookkeeper/benchmark/MySqlClient.java, 137, 235,333,137,58.0,4,137,137,34.25,2,false
1, bookkeeper-server/src/main/java/org/apache/bookkeeper/client/PendingReadOp.java, 173, 193,213,170,48.0,4,173,170,43.25,3,true
1, bookkeeper-server/src/main/java/org/apache/bookkeeper/proto/BookkeeperInternalCallbacks.java, 132, 139,146,75,46.0,3,132,75,44.0,3,false
1, bookkeeper-server/src/main/java/org/apache/bookkeeper/client/MacDigestManager.java, 67, 76,85,67,19.0,4,67,67,16.75,3,false
1, bookkeeper-server/src/main/java/org/apache/bookkeeper/streaming/LedgerOutputStream.java, 148, 158,168,147,52.0,3,148,147,49.33333206176758,2,false
1, hedwig-server/src/main/java/org/apache/hedwig/server/subscriptions/InMemorySubscriptionManager.java, 78, 82,86,78,41.0,2,78,78,39.0,2,false
1, bookkeeper-server/src/main/java/org/apache/bookkeeper/streaming/LedgerInputStream.java, 174, 184,194,173,61.0,3,174,173,58.0,2,false
1, bookkeeper-server/src/main/java/org/apache/bookkeeper/conf/ServerConfiguration.java, 377, 397,417,377,99.0,4,377,377,94.25,2,true
1, hedwig-protocol/src/main/java/org/apache/hedwig/protoextensions/PubSubResponseUtils.java, 43, 43,43,43,43.0,1,43,43,43.0,1,true
1, bookkeeper-benchmark/src/main/java/org/apache/bookkeeper/benchmark/TestClient.java, 244, 340,436,252,68.0,5,244,252,48.79999923706055,2,false
1, hedwig-server/src/main/java/org/apache/hedwig/server/netty/PubSubServerPipelineFactory.java, 76, 78,80,76,39.0,2,76,76,38.0,2,false
2, hedwig-server/src/main/java/org/apache/hedwig/server/common/UnexpectedError.java, 35, 0,0,0,0.0,0,0,0,NaN,0,false
2, bookkeeper-server/src/main/java/org/apache/bookkeeper/bookie/FileSystemUpgrade.java, 378, 401,423,228,100.0,4,379,211,94.75,3,false
2, bookkeeper-server/src/main/java/org/apache/bookkeeper/tools/BookKeeperTools.java, 92, 2,4,2,2.0,1,0,0,0.0,1,false
2, bookkeeper-server/src/main/java/org/apache/bookkeeper/jmx/BKMBeanRegistry.java, 88, 89,90,84,44.0,2,88,84,44.0,1,false
2, hedwig-server/src/main/java/org/apache/hedwig/server/netty/PubSubServerMXBean.java, 63, 63,63,63,63.0,1,63,63,63.0,1,false
2, bookkeeper-server/src/main/java/org/apache/bookkeeper/bookie/BookieBean.java, 51, 53,55,52,26.0,2,51,52,25.5,2,false
2, bookkeeper-server/src/main/java/org/apache/bookkeeper/bookie/MarkerFileChannel.java, 147, 0,0,0,0.0,0,0,0,NaN,0,false
2, hedwig-client/src/main/java/org/apache/hedwig/client/data/PubSubData.java, 148, 9,19,9,9.0,1,-1,0,-1.0,1,false
2, hedwig-server/src/main/java/org/apache/hedwig/server/benchmark/BookieBenchmark.java, 105, 0,0,0,0.0,0,0,0,NaN,0,false
2, hedwig-server/src/main/java/org/apache/hedwig/server/handlers/PublishHandler.java, 77, 9,9,9,9.0,1,9,9,9.0,1,false
2, bookkeeper-server/src/main/java/org/apache/bookkeeper/proto/PerChannelBookieClient.java, 694, 193,295,48,19.0,10,91,43,9.100000381469727,3,false
2, hedwig-server/src/main/java/org/apache/hedwig/server/persistence/MapMethods.java, 62, 0,0,0,0.0,0,0,0,NaN,0,false
2, hedwig-server/src/main/java/org/apache/hedwig/zookeeper/SafeAsyncCallback.java, 35, 1,2,1,1.0,1,0,0,0.0,1,false
2, hedwig-server/src/main/java/org/apache/hedwig/server/jmx/HedwigMBeanInfo.java, 27, 27,27,27,27.0,1,27,27,27.0,1,false
2, hedwig-client/src/main/java/org/apache/hedwig/client/benchmark/BenchmarkUtils.java, 190, 15,17,15,15.0,1,13,13,13.0,1,false
2, hedwig-client/src/main/java/org/apache/hedwig/client/ssl/SslContextFactory.java, 66, 0,0,0,0.0,0,0,0,NaN,0,false
2, bookkeeper-server/src/main/java/org/apache/bookkeeper/client/LedgerEntry.java, 84, 0,0,0,0.0,0,0,0,NaN,0,false
2, bookkeeper-server/src/main/java/org/apache/bookkeeper/client/LedgerOpenOp.java, 171, 5,8,5,5.0,1,2,2,2.0,1,false
2, bookkeeper-server/src/main/java/org/apache/bookkeeper/bookie/LedgerDescriptorImpl.java, 88, 118,148,113,59.0,2,88,113,44.0,1,false
2, bookkeeper-server/src/main/java/org/apache/bookkeeper/client/LedgerMetadata.java, 312, 70,76,44,14.0,5,64,44,12.800000190734863,3,false
2, bookkeeper-server/src/main/java/org/apache/bookkeeper/meta/FlatLedgerManager.java, 175, 12,42,7,6.0,2,-18,3,-9.0,2,false
2, hedwig-client/src/main/java/org/apache/hedwig/util/Either.java, 50, 0,0,0,0.0,0,0,0,NaN,0,false
2, hedwig-server/src/main/java/org/apache/hedwig/admin/console/HedwigCommands.java, 425, 428,431,424,214.0,2,425,424,212.5,1,false
2, hedwig-server/src/main/java/org/apache/hedwig/server/proxy/ProxyStopDeliveryHandler.java, 74, 1,2,1,1.0,1,0,0,0.0,1,false
2, hedwig-server/src/main/java/org/apache/hedwig/server/proxy/ProxyPublishHander.java, 62, 0,0,0,0.0,0,0,0,NaN,0,false
2, hedwig-client/src/main/java/org/apache/hedwig/client/api/MessageHandler.java, 48, 0,0,0,0.0,0,0,0,NaN,0,false
2, hedwig-client/src/main/java/org/apache/hedwig/client/benchmark/BenchmarkWorker.java, 46, 0,0,0,0.0,0,0,0,NaN,0,false
2, bookkeeper-server/src/main/java/org/apache/bookkeeper/bookie/GarbageCollectorThread.java, 509, 545,581,378,77.0,7,509,378,72.71428680419922,3,false
2, bookkeeper-server/src/main/java/org/apache/bookkeeper/client/DistributionSchedule.java, 65, 13,22,13,13.0,1,4,4,4.0,1,false
2, hedwig-server/src/main/java/org/apache/hedwig/server/delivery/DeliveryManager.java, 36, 7,7,5,3.0,2,7,5,3.5,1,false
2, hedwig-client/src/main/java/org/apache/hedwig/util/PathUtils.java, 56, 3,6,3,3.0,1,0,0,0.0,1,false
2, hedwig-server/src/main/java/org/apache/hedwig/server/handlers/NettyHandlerMXBean.java, 31, 31,31,31,31.0,1,31,31,31.0,1,false
2, hedwig-server/src/main/java/org/apache/hedwig/server/delivery/DeliveryEndPoint.java, 28, 0,0,0,0.0,0,0,0,NaN,0,false
2, hedwig-client/src/main/java/org/apache/hedwig/client/handlers/SubscribeReconnectCallback.java, 114, 14,28,14,14.0,1,0,0,0.0,1,false
2, bookkeeper-server/src/main/java/org/apache/bookkeeper/bookie/Bookie.java, 764, 580,1422,106,29.0,20,-262,53,-13.100000381469727,3,false
2, hedwig-client/src/main/java/org/apache/hedwig/client/netty/HedwigClientImpl.java, 363, 5,16,5,5.0,1,-6,0,-6.0,1,false
2, hedwig-client/src/main/java/org/apache/hedwig/util/CallbackUtils.java, 183, 0,0,0,0.0,0,0,0,NaN,0,false
2, hedwig-server/src/main/java/org/apache/hedwig/server/proxy/ProxyConsumeHandler.java, 58, 0,0,0,0.0,0,0,0,NaN,0,false
2, bookkeeper-server/src/main/java/org/apache/bookkeeper/client/BookKeeperAdmin.java, 800, 101,121,73,20.0,5,81,62,16.200000762939453,2,false
2, hedwig-client/src/main/java/org/apache/hedwig/client/api/Client.java, 41, 0,0,0,0.0,0,0,0,NaN,0,false
2, bookkeeper-server/src/main/java/org/apache/bookkeeper/client/BookKeeper.java, 582, 183,368,106,26.0,7,-2,68,-0.2857142984867096,3,false
2, bookkeeper-server/src/main/java/org/apache/bookkeeper/proto/BookieServerBean.java, 90, 90,90,90,90.0,1,90,90,90.0,1,false
2, hedwig-client/src/main/java/org/apache/hedwig/util/HedwigSocketAddress.java, 143, 5,5,5,5.0,1,5,5,5.0,1,false
2, bookkeeper-server/src/main/java/org/apache/bookkeeper/client/ReadOnlyLedgerHandle.java, 79, 2,3,2,2.0,1,1,1,1.0,1,false
2, bookkeeper-server/src/main/java/org/apache/bookkeeper/meta/SnapshotMap.java, 132, 132,132,132,132.0,1,132,132,132.0,1,false
2, hedwig-client/src/main/java/org/apache/hedwig/client/benchmark/BenchmarkSubscriber.java, 141, 4,4,4,4.0,1,4,4,4.0,1,false
2, hedwig-client/src/main/java/org/apache/hedwig/client/exceptions/ServerRedirectLoopException.java, 38, 0,0,0,0.0,0,0,0,NaN,0,false
2, hedwig-server/src/main/java/org/apache/hedwig/server/subscriptions/AbstractSubscriptionManager.java, 612, 185,210,98,46.0,4,160,92,40.0,1,false
2, bookkeeper-server/src/main/java/org/apache/bookkeeper/client/RoundRobinDistributionSchedule.java, 90, 25,47,25,25.0,1,3,3,3.0,1,false
2, bookkeeper-server/src/main/java/org/apache/bookkeeper/client/SyncCounter.java, 85, 0,0,0,0.0,0,0,0,NaN,0,false
2, hedwig-server/src/main/java/org/apache/hedwig/server/delivery/ChannelEndPoint.java, 85, 4,4,4,4.0,1,4,4,4.0,1,false
2, hedwig-server/src/main/java/org/apache/hedwig/server/topics/TopicManager.java, 80, 5,5,5,5.0,1,5,5,5.0,1,false
2, hedwig-client/src/main/java/org/apache/hedwig/client/netty/WriteCallback.java, 103, 5,6,5,5.0,1,4,4,4.0,1,false
2, hedwig-server/src/main/java/org/apache/hedwig/server/netty/UmbrellaHandler.java, 160, 1,1,1,1.0,1,1,1,1.0,1,false
2, bookkeeper-benchmark/src/main/java/org/apache/bookkeeper/benchmark/BenchReadThroughputLatency.java, 270, 284,297,260,142.0,2,271,260,135.5,1,false
2, hedwig-server/src/main/java/org/apache/hedwig/server/regions/HedwigHubSubscriber.java, 86, 18,20,18,18.0,1,16,16,16.0,1,false
2, bookkeeper-server/src/main/java/org/apache/bookkeeper/meta/HierarchicalLedgerManager.java, 507, 29,65,15,7.0,4,-7,6,-1.75,2,false
2, bookkeeper-server/src/main/java/org/apache/bookkeeper/bookie/LedgerCacheBean.java, 27, 80,133,79,40.0,2,27,79,13.5,1,false
2, hedwig-server/src/main/java/org/apache/hedwig/server/common/TopicOpQueuer.java, 111, 0,0,0,0.0,0,0,0,NaN,0,false
2, hedwig-server/src/main/java/org/apache/hedwig/server/persistence/ScanRequest.java, 64, 0,0,0,0.0,0,0,0,NaN,0,false
2, hedwig-server/src/main/java/org/apache/hedwig/server/jmx/HedwigJMXService.java, 37, 37,37,37,37.0,1,37,37,37.0,1,false
2, hedwig-client/src/main/java/org/apache/hedwig/util/Option.java, 43, 0,0,0,0.0,0,0,0,NaN,0,false
2, bookkeeper-server/src/main/java/org/apache/bookkeeper/util/HardLink.java, 665, 666,667,665,333.0,2,665,665,332.5,1,false
2, hedwig-server/src/main/java/org/apache/hedwig/server/persistence/CacheKey.java, 74, 0,0,0,0.0,0,0,0,NaN,0,false
2, hedwig-server/src/main/java/org/apache/hedwig/server/jmx/HedwigMBeanRegistry.java, 48, 48,48,48,48.0,1,48,48,48.0,1,false
2, bookkeeper-server/src/main/java/org/apache/bookkeeper/util/LocalBookKeeper.java, 256, 76,111,33,19.0,4,41,19,10.25,2,false
2, bookkeeper-server/src/main/java/org/apache/bookkeeper/client/LedgerHandle.java, 905, 221,299,95,24.0,9,143,65,15.88888931274414,3,false
2, hedwig-server/src/main/java/org/apache/hedwig/server/persistence/ReadAheadCacheMXBean.java, 45, 45,45,45,45.0,1,45,45,45.0,1,false
2, bookkeeper-server/src/main/java/org/apache/bookkeeper/bookie/Journal.java, 576, 589,602,550,196.0,3,576,550,192.0,2,false
2, hedwig-client/src/main/java/org/apache/hedwig/client/api/Publisher.java, 63, 0,0,0,0.0,0,0,0,NaN,0,false
2, bookkeeper-server/src/main/java/org/apache/bookkeeper/client/DigestManager.java, 184, 8,17,4,2.0,3,-1,1,-0.3333333432674408,2,false
2, bookkeeper-server/src/main/java/org/apache/bookkeeper/conf/AbstractConfiguration.java, 113, 10,12,10,5.0,2,8,9,4.0,2,false
2, bookkeeper-server/src/main/java/org/apache/bookkeeper/proto/BookieProtocol.java, 172, 20,22,10,6.0,3,18,8,6.0,2,false
2, hedwig-server/src/main/java/org/apache/hedwig/server/subscriptions/SubscriptionManager.java, 108, 4,4,4,4.0,1,4,4,4.0,1,false
2, bookkeeper-server/src/main/java/org/apache/bookkeeper/meta/LedgerManagerFactory.java, 98, 1,2,1,1.0,1,0,0,0.0,1,false
2, hedwig-client/src/main/java/org/apache/hedwig/util/ConcurrencyUtils.java, 49, 0,0,0,0.0,0,0,0,NaN,0,false
2, bookkeeper-server/src/main/java/org/apache/bookkeeper/proto/ServerStats.java, 148, 0,0,0,0.0,0,0,0,NaN,0,false
2, hedwig-server/src/main/java/org/apache/hedwig/server/proxy/ProxyConfiguration.java, 36, 2,4,2,2.0,1,0,0,0.0,1,false
2, hedwig-server/src/main/java/org/apache/hedwig/zookeeper/ZkUtils.java, 79, 0,0,0,0.0,0,0,0,NaN,0,false
2, hedwig-server/src/main/java/org/apache/hedwig/server/proxy/HedwigProxy.java, 172, 21,30,11,10.0,2,12,10,6.0,1,false
2, hedwig-server/src/main/java/org/apache/hedwig/admin/HedwigAdmin.java, 400, 407,414,397,135.0,3,400,397,133.3333282470703,2,false
2, hedwig-server/src/main/java/org/apache/hedwig/server/benchmark/BookkeeperBenchmark.java, 92, 0,0,0,0.0,0,0,0,NaN,0,false
2, bookkeeper-server/src/main/java/org/apache/bookkeeper/bookie/LedgerCache.java, 46, 128,761,92,16.0,8,-505,21,-63.125,2,false
2, bookkeeper-server/src/main/java/org/apache/bookkeeper/client/LedgerRecoveryOp.java, 153, 30,103,19,5.0,6,-43,2,-7.166666507720947,3,false
2, bookkeeper-server/src/main/java/org/apache/bookkeeper/meta/LedgerLayout.java, 209, 5,5,5,5.0,1,5,5,5.0,1,false
2, hedwig-server/src/main/java/org/apache/hedwig/server/delivery/DeliveryCallback.java, 27, 0,0,0,0.0,0,0,0,NaN,0,false
2, bookkeeper-benchmark/src/main/java/org/apache/bookkeeper/benchmark/BenchThroughputLatency.java, 451, 534,617,425,106.0,5,451,425,90.19999694824219,3,false
2, hedwig-server/src/main/java/org/apache/hedwig/server/benchmark/AbstractBenchmark.java, 105, 0,0,0,0.0,0,0,0,NaN,0,false
2, bookkeeper-server/src/main/java/org/apache/bookkeeper/conf/ClientConfiguration.java, 276, 61,62,30,20.0,3,60,30,20.0,2,false
2, bookkeeper-server/src/main/java/org/apache/bookkeeper/bookie/InterleavedLedgerStorage.java, 186, 211,235,183,52.0,4,187,183,46.75,2,false
2, bookkeeper-server/src/main/java/org/apache/bookkeeper/client/LedgerDeleteOp.java, 81, 0,0,0,0.0,0,0,0,NaN,0,false
2, bookkeeper-server/src/main/java/org/apache/bookkeeper/bookie/LedgerCacheImpl.java, 788, 873,944,712,109.0,8,802,712,100.25,3,false
2, bookkeeper-server/src/main/java/org/apache/bookkeeper/bookie/LedgerCacheMXBean.java, 60, 60,60,60,60.0,1,60,60,60.0,1,false
2, hedwig-server/src/main/java/org/apache/hedwig/server/regions/HedwigHubClient.java, 48, 0,0,0,0.0,0,0,0,NaN,0,false
2, hedwig-protocol/src/main/java/org/apache/hedwig/exceptions/PubSubException.java, 162, 0,0,0,0.0,0,0,0,NaN,0,false
2, bookkeeper-server/src/main/java/org/apache/bookkeeper/bookie/BookieException.java, 150, 63,68,58,31.0,2,58,53,29.0,2,false
2, bookkeeper-server/src/main/java/org/apache/bookkeeper/client/PendingAddOp.java, 169, 5,6,4,2.0,2,4,4,2.0,2,false
2, bookkeeper-server/src/main/java/org/apache/bookkeeper/proto/BKStats.java, 236, 236,236,236,236.0,1,236,236,236.0,1,false
2, bookkeeper-server/src/main/java/org/apache/bookkeeper/client/LedgerCreateOp.java, 150, 26,59,25,13.0,2,-7,0,-3.5,1,false
2, hedwig-client/src/main/java/org/apache/hedwig/client/netty/ConnectCallback.java, 129, 7,8,7,7.0,1,6,6,6.0,1,false
2, hedwig-server/src/main/java/org/apache/hedwig/server/persistence/LocalDBPersistenceManager.java, 481, 62,70,50,31.0,2,54,42,27.0,1,false
2, bookkeeper-server/src/main/java/org/apache/bookkeeper/proto/NIOServerFactory.java, 529, 9,22,5,2.0,4,-4,0,-1.0,1,false
2, bookkeeper-server/src/main/java/org/apache/bookkeeper/bookie/HandleFactoryImpl.java, 65, 74,82,69,37.0,2,66,69,33.0,1,false
2, hedwig-server/src/main/java/org/apache/hedwig/server/handlers/ConsumeHandler.java, 72, 8,8,8,8.0,1,8,8,8.0,1,false
2, hedwig-server/src/main/java/org/apache/hedwig/server/proxy/ProxyStartDeliveryHandler.java, 132, 4,6,4,4.0,1,2,2,2.0,1,false
2, hedwig-server/src/main/java/org/apache/hedwig/server/subscriptions/TrueFilter.java, 32, 1,2,1,1.0,1,0,0,0.0,1,false
2, bookkeeper-server/src/main/java/org/apache/bookkeeper/bookie/Cookie.java, 196, 202,208,195,101.0,2,196,195,98.0,1,false
2, hedwig-server/src/main/java/org/apache/hedwig/server/proxy/ProxyUnsubscribeHandler.java, 74, 0,0,0,0.0,0,0,0,NaN,0,false
2, bookkeeper-server/src/main/java/org/apache/bookkeeper/bookie/HandleFactory.java, 31, 32,32,32,32.0,1,32,32,32.0,1,false
2, bookkeeper-benchmark/src/main/java/org/apache/bookkeeper/benchmark/MySqlClient.java, 137, 0,0,0,0.0,0,0,0,NaN,0,false
2, bookkeeper-server/src/main/java/org/apache/bookkeeper/proto/BookkeeperInternalCallbacks.java, 132, 0,0,0,0.0,0,0,0,NaN,0,false
2, bookkeeper-server/src/main/java/org/apache/bookkeeper/client/MacDigestManager.java, 84, 26,35,26,26.0,1,17,17,17.0,1,false
2, bookkeeper-server/src/main/java/org/apache/bookkeeper/streaming/LedgerOutputStream.java, 148, 0,0,0,0.0,0,0,0,NaN,0,false
2, hedwig-server/src/main/java/org/apache/hedwig/server/subscriptions/InMemorySubscriptionManager.java, 78, 0,0,0,0.0,0,0,0,NaN,0,false
2, bookkeeper-server/src/main/java/org/apache/bookkeeper/streaming/LedgerInputStream.java, 174, 0,0,0,0.0,0,0,0,NaN,0,false
2, hedwig-server/src/main/java/org/apache/hedwig/admin/console/HedwigConsole.java, 1041, 1057,1073,1029,528.0,2,1041,1029,520.5,1,false
2, hedwig-protocol/src/main/java/org/apache/hedwig/protoextensions/PubSubResponseUtils.java, 43, 1,2,1,1.0,1,0,0,0.0,1,false
2, bookkeeper-benchmark/src/main/java/org/apache/bookkeeper/benchmark/TestClient.java, 368, 305,486,294,152.0,2,124,123,62.0,2,false
2, hedwig-server/src/main/java/org/apache/hedwig/server/netty/PubSubServerPipelineFactory.java, 76, 0,0,0,0.0,0,0,0,NaN,0,false
2, hedwig-server/src/main/java/org/apache/hedwig/server/netty/PubSubServerBean.java, 77, 77,77,77,77.0,1,77,77,77.0,1,false
2, hedwig-client/src/main/java/org/apache/hedwig/client/netty/HedwigPublisher.java, 242, 12,13,12,12.0,1,11,11,11.0,1,false
2, bookkeeper-server/src/main/java/org/apache/bookkeeper/client/CRC32DigestManager.java, 55, 9,13,9,9.0,1,5,5,5.0,1,false
2, hedwig-server/src/main/java/org/apache/hedwig/server/handlers/ChannelDisconnectListener.java, 29, 0,0,0,0.0,0,0,0,NaN,0,false
2, hedwig-server/src/main/java/org/apache/hedwig/server/handlers/Handler.java, 37, 0,0,0,0.0,0,0,0,NaN,0,false
2, bookkeeper-server/src/main/java/org/apache/bookkeeper/bookie/BufferedChannel.java, 180, 0,0,0,0.0,0,0,0,NaN,0,false
2, hedwig-server/src/main/java/org/apache/hedwig/zookeeper/SafeAsyncZKCallback.java, 98, 0,0,0,0.0,0,0,0,NaN,0,false
2, bookkeeper-benchmark/src/main/java/org/apache/bookkeeper/benchmark/BenchBookie.java, 215, 227,239,177,75.0,3,215,177,71.66666412353516,1,false
2, hedwig-server/src/main/java/org/apache/hedwig/server/common/ByteStringInterner.java, 45, 0,0,0,0.0,0,0,0,NaN,0,false
2, bookkeeper-server/src/main/java/org/apache/bookkeeper/bookie/JournalChannel.java, 157, 161,164,157,53.0,3,158,157,52.66666793823242,1,false
2, bookkeeper-server/src/main/java/org/apache/bookkeeper/jmx/BKMBeanInfo.java, 27, 27,27,27,27.0,1,27,27,27.0,1,false
2, hedwig-server/src/main/java/org/apache/hedwig/server/subscriptions/ZkSubscriptionManager.java, 227, 0,0,0,0.0,0,0,0,NaN,0,false
2, bookkeeper-server/src/main/java/org/apache/bookkeeper/util/OrderedSafeExecutor.java, 98, 0,0,0,0.0,0,0,0,NaN,0,false
2, hedwig-client/src/main/java/org/apache/hedwig/client/handlers/MessageConsumeCallback.java, 96, 0,0,0,0.0,0,0,0,NaN,0,false
2, hedwig-server/src/main/java/org/apache/hedwig/server/regions/HedwigHubClientFactory.java, 60, 0,0,0,0.0,0,0,0,NaN,0,false
2, hedwig-client/src/main/java/org/apache/hedwig/client/data/TopicSubscriber.java, 74, 0,0,0,0.0,0,0,0,NaN,0,false
2, hedwig-client/src/main/java/org/apache/hedwig/client/handlers/UnsubscribeResponseHandler.java, 84, 0,0,0,0.0,0,0,0,NaN,0,false
2, bookkeeper-server/src/main/java/org/apache/bookkeeper/bookie/LedgerEntryPage.java, 163, 9,12,6,4.0,2,6,4,3.0,2,false
2, hedwig-protocol/src/main/java/org/apache/hedwig/protoextensions/SubscriptionStateUtils.java, 41, 0,0,0,0.0,0,0,0,NaN,0,false
2, bookkeeper-server/src/main/java/org/apache/bookkeeper/util/SafeRunnable.java, 39, 0,0,0,0.0,0,0,0,NaN,0,false
2, hedwig-server/src/main/java/org/apache/hedwig/server/ssl/SslServerContextFactory.java, 53, 0,0,0,0.0,0,0,0,NaN,0,false
2, hedwig-server/src/main/java/org/apache/hedwig/server/topics/AbstractTopicManager.java, 201, 4,4,4,4.0,1,4,4,4.0,1,false
2, hedwig-client/src/main/java/org/apache/hedwig/client/HedwigClient.java, 71, 0,0,0,0.0,0,0,0,NaN,0,false
2, hedwig-server/src/main/java/org/apache/hedwig/server/persistence/PersistenceManager.java, 94, 3,3,3,3.0,1,3,3,3.0,1,false
2, hedwig-server/src/main/java/org/apache/hedwig/server/persistence/Factory.java, 22, 0,0,0,0.0,0,0,0,NaN,0,false
2, bookkeeper-server/src/main/java/org/apache/bookkeeper/bookie/BookieMXBean.java, 31, 33,35,33,16.0,2,31,33,15.5,2,false
2, hedwig-client/src/main/java/org/apache/hedwig/util/FileUtils.java, 98, 0,0,0,0.0,0,0,0,NaN,0,false
2, hedwig-client/src/main/java/org/apache/hedwig/client/exceptions/AlreadyStartDeliveryException.java, 36, 36,36,36,36.0,1,36,36,36.0,1,false
2, hedwig-server/src/main/java/org/apache/hedwig/server/persistence/BookkeeperPersistenceManager.java, 906, 207,245,165,69.0,3,169,131,56.33333206176758,1,false
2, hedwig-server/src/main/java/org/apache/hedwig/server/delivery/FIFODeliveryManager.java, 574, 11,14,8,5.0,2,8,5,4.0,1,false
2, hedwig-server/src/main/java/org/apache/hedwig/server/netty/PubSubServer.java, 436, 79,107,53,26.0,3,51,53,17.0,1,false
2, hedwig-server/src/main/java/org/apache/hedwig/server/netty/ServerStats.java, 191, 193,195,190,96.0,2,191,190,95.5,1,false
2, hedwig-server/src/main/java/org/apache/hedwig/server/persistence/ReadAheadCacheBean.java, 64, 64,64,64,64.0,1,64,64,64.0,1,false
2, bookkeeper-server/src/main/java/org/apache/bookkeeper/bookie/FileInfo.java, 255, 130,209,79,32.0,4,51,20,12.75,1,false
2, bookkeeper-server/src/main/java/org/apache/bookkeeper/proto/BookieServer.java, 507, 153,192,61,17.0,9,114,59,12.666666984558105,2,false
2, hedwig-server/src/main/java/org/apache/hedwig/server/common/ServerConfiguration.java, 299, 12,14,8,6.0,2,10,8,5.0,1,false
2, hedwig-server/src/main/java/org/apache/hedwig/zookeeper/SafeAsynBKCallback.java, 104, 0,0,0,0.0,0,0,0,NaN,0,false
2, bookkeeper-server/src/main/java/org/apache/bookkeeper/proto/BookieClient.java, 227, 49,52,26,16.0,3,46,26,15.333333015441895,2,false
2, hedwig-client/src/main/java/org/apache/hedwig/util/Pair.java, 42, 0,0,0,0.0,0,0,0,NaN,0,false
2, hedwig-server/src/main/java/org/apache/hedwig/server/handlers/BaseHandler.java, 67, 3,3,3,3.0,1,3,3,3.0,1,false
2, hedwig-server/src/main/java/org/apache/hedwig/server/topics/TrivialOwnAllTopicManager.java, 57, 5,5,5,5.0,1,5,5,5.0,1,false
2, hedwig-client/src/main/java/org/apache/hedwig/client/data/MessageConsumeData.java, 58, 0,0,0,0.0,0,0,0,NaN,0,false
2, hedwig-client/src/main/java/org/apache/hedwig/client/netty/ClientChannelPipelineFactory.java, 58, 0,0,0,0.0,0,0,0,NaN,0,false
2, hedwig-client/src/main/java/org/apache/hedwig/client/ssl/SslClientContextFactory.java, 41, 0,0,0,0.0,0,0,0,NaN,0,false
2, hedwig-server/src/main/java/org/apache/hedwig/admin/console/ReadTopic.java, 355, 357,359,357,178.0,2,355,357,177.5,1,false
2, bookkeeper-server/src/main/java/org/apache/bookkeeper/util/StringUtils.java, 69, 0,0,0,0.0,0,0,0,NaN,0,false
2, hedwig-server/src/main/java/org/apache/hedwig/server/handlers/UnsubscribeHandler.java, 81, 10,11,10,10.0,1,9,9,9.0,1,false
2, hedwig-server/src/main/java/org/apache/hedwig/server/common/TerminateJVMExceptionHandler.java, 32, 1,2,1,1.0,1,0,0,0.0,1,false
2, bookkeeper-server/src/main/java/org/apache/bookkeeper/client/BookieWatcher.java, 216, 22,33,9,5.0,4,11,7,2.75,1,false
2, bookkeeper-server/src/main/java/org/apache/bookkeeper/client/BKException.java, 282, 11,11,11,11.0,1,11,11,11.0,1,false
2, hedwig-server/src/main/java/org/apache/hedwig/server/benchmark/FakeBookie.java, 101, 0,0,0,0.0,0,0,0,NaN,0,false
2, bookkeeper-server/src/main/java/org/apache/bookkeeper/util/Main.java, 54, 0,0,0,0.0,0,0,0,NaN,0,false
2, hedwig-client/src/main/java/org/apache/hedwig/client/handlers/PubSubCallback.java, 88, 0,0,0,0.0,0,0,0,NaN,0,false
2, hedwig-server/src/main/java/org/apache/hedwig/server/topics/ZkTopicManager.java, 446, 18,19,17,9.0,2,17,17,8.5,1,false
2, hedwig-server/src/main/java/org/apache/hedwig/server/persistence/CacheValue.java, 94, 0,0,0,0.0,0,0,0,NaN,0,false
2, hedwig-client/src/main/java/org/apache/hedwig/client/handlers/SubscribeResponseHandler.java, 342, 42,78,42,42.0,1,6,6,6.0,1,false
2, hedwig-server/src/main/java/org/apache/hedwig/server/handlers/SubscribeHandler.java, 168, 14,14,14,14.0,1,14,14,14.0,1,false
2, hedwig-client/src/main/java/org/apache/hedwig/client/benchmark/HedwigBenchmark.java, 165, 59,81,59,59.0,1,37,37,37.0,1,false
2, hedwig-client/src/main/java/org/apache/hedwig/client/conf/ClientConfiguration.java, 162, 13,13,13,13.0,1,13,13,13.0,1,false
2, hedwig-server/src/main/java/org/apache/hedwig/server/subscriptions/MessageFilter.java, 31, 0,0,0,0.0,0,0,0,NaN,0,false
2, bookkeeper-server/src/main/java/org/apache/bookkeeper/util/ZkUtils.java, 94, 0,0,0,0.0,0,0,0,NaN,0,false
2, hedwig-client/src/main/java/org/apache/hedwig/conf/AbstractConfiguration.java, 63, 9,9,9,9.0,1,9,9,9.0,1,false
2, hedwig-client/src/main/java/org/apache/hedwig/client/netty/ResponseHandler.java, 366, 1,2,1,1.0,1,0,0,0.0,1,false
2, hedwig-client/src/main/java/org/apache/hedwig/client/netty/HedwigSubscriber.java, 682, 120,144,38,30.0,4,96,37,24.0,1,false
2, bookkeeper-server/src/main/java/org/apache/bookkeeper/bookie/ExitCode.java, 40, 40,40,40,40.0,1,40,40,40.0,1,false
2, hedwig-server/src/main/java/org/apache/hedwig/server/subscriptions/SubscriptionEventListener.java, 57, 0,0,0,0.0,0,0,0,NaN,0,false
2, hedwig-client/src/main/java/org/apache/hedwig/client/api/Subscriber.java, 318, 86,91,47,28.0,3,81,47,27.0,2,false
2, hedwig-client/src/main/java/org/apache/hedwig/client/handlers/PublishResponseHandler.java, 71, 0,0,0,0.0,0,0,0,NaN,0,false
2, hedwig-server/src/main/java/org/apache/hedwig/server/proxy/ChannelTracker.java, 124, 0,0,0,0.0,0,0,0,NaN,0,false
2, hedwig-server/src/main/java/org/apache/hedwig/server/regions/RegionManager.java, 355, 253,334,241,84.0,3,172,174,57.33333206176758,1,false
2, hedwig-client/src/main/java/org/apache/hedwig/client/benchmark/BenchmarkPublisher.java, 136, 3,3,3,3.0,1,3,3,3.0,1,false
2, hedwig-server/src/main/java/org/apache/hedwig/server/persistence/ScanCallbackWithContext.java, 37, 0,0,0,0.0,0,0,0,NaN,0,false
2, bookkeeper-server/src/main/java/org/apache/bookkeeper/meta/AbstractZkLedgerManager.java, 283, 36,42,23,9.0,4,30,23,7.5,3,false
2, hedwig-server/src/main/java/org/apache/hedwig/server/persistence/PersistenceManagerWithRangeScan.java, 27, 0,0,0,0.0,0,0,0,NaN,0,false
2, hedwig-server/src/main/java/org/apache/hedwig/server/subscriptions/InMemorySubscriptionState.java, 85, 24,27,24,24.0,1,21,21,21.0,1,false
2, hedwig-server/src/main/java/org/apache/hedwig/server/persistence/RangeScanRequest.java, 77, 0,0,0,0.0,0,0,0,NaN,0,false
2, hedwig-protocol/src/main/java/org/apache/hedwig/protocol/PubSubProtocol.java, 6523, 6504,12852,6504,6504.0,1,156,156,156.0,1,false
2, hedwig-server/src/main/java/org/apache/hedwig/server/persistence/ReadAheadCache.java, 744, 43,46,29,14.0,3,40,28,13.333333015441895,1,false
2, bookkeeper-server/src/main/java/org/apache/bookkeeper/bookie/EntryLogger.java, 473, 375,748,253,31.0,12,2,59,0.1666666716337204,3,false
2, hedwig-client/src/main/java/org/apache/hedwig/util/Callback.java, 47, 0,0,0,0.0,0,0,0,NaN,0,false
2, bookkeeper-server/src/main/java/org/apache/bookkeeper/meta/LedgerManager.java, 147, 5,7,5,5.0,1,3,3,3.0,1,false
2, hedwig-server/src/main/java/org/apache/hedwig/server/subscriptions/AllToAllTopologyFilter.java, 39, 0,0,0,0.0,0,0,0,NaN,0,false
2, bookkeeper-server/src/main/java/org/apache/bookkeeper/bookie/LedgerDescriptorReadOnlyImpl.java, 52, 55,58,53,27.0,2,52,53,26.0,1,false
2, hedwig-server/src/main/java/org/apache/hedwig/admin/console/JLineHedwigCompletor.java, 92, 92,92,92,92.0,1,92,92,92.0,1,false
2, hedwig-server/src/main/java/org/apache/hedwig/server/proxy/ProxySubscribeHandler.java, 83, 0,0,0,0.0,0,0,0,NaN,0,false
2, bookkeeper-server/src/main/java/org/apache/bookkeeper/util/IOUtils.java, 55, 55,55,55,55.0,1,55,55,55.0,1,false
2, bookkeeper-server/src/main/java/org/apache/bookkeeper/bookie/LedgerDescriptor.java, 62, 74,235,36,14.0,5,-87,30,-17.399999618530273,1,false
2, hedwig-protocol/src/main/java/org/apache/hedwig/protoextensions/MessageIdUtils.java, 153, 0,0,0,0.0,0,0,0,NaN,0,false
2, bookkeeper-server/src/main/java/org/apache/bookkeeper/util/MathUtils.java, 38, 0,0,0,0.0,0,0,0,NaN,0,false
2, hedwig-server/src/main/java/org/apache/hedwig/server/handlers/NettyHandlerBean.java, 51, 52,53,51,26.0,2,51,51,25.5,1,false
2, bookkeeper-server/src/main/java/org/apache/bookkeeper/proto/BookieServerMXBean.java, 58, 58,58,58,58.0,1,58,58,58.0,1,false
2, bookkeeper-server/src/main/java/org/apache/bookkeeper/client/AsyncCallback.java, 139, 12,22,12,12.0,1,2,2,2.0,1,false
2, hedwig-client/src/main/java/org/apache/hedwig/client/exceptions/InvalidSubscriberIdException.java, 37, 0,0,0,0.0,0,0,0,NaN,0,false
2, hedwig-server/src/main/java/org/apache/hedwig/server/persistence/PersistRequest.java, 58, 0,0,0,0.0,0,0,0,NaN,0,false
2, bookkeeper-server/src/main/java/org/apache/bookkeeper/bookie/LedgerStorage.java, 90, 91,91,91,91.0,1,91,91,91.0,1,false
2, hedwig-server/src/main/java/org/apache/hedwig/server/topics/TopicOwnershipChangeListener.java, 28, 0,0,0,0.0,0,0,0,NaN,0,false
2, hedwig-client/src/main/java/org/apache/hedwig/client/exceptions/TooManyServerRedirectsException.java, 39, 0,0,0,0.0,0,0,0,NaN,0,false
2, bookkeeper-server/src/main/java/org/apache/bookkeeper/client/ReadLastConfirmedOp.java, 127, 59,94,37,11.0,5,24,14,4.800000190734863,2,false
2, hedwig-server/src/main/java/org/apache/hedwig/server/persistence/ScanCallback.java, 63, 0,0,0,0.0,0,0,0,NaN,0,false
2, bookkeeper-server/src/main/java/org/apache/bookkeeper/client/PendingReadOp.java, 189, 17,18,15,5.0,3,16,15,5.333333492279053,2,false
2, bookkeeper-server/src/main/java/org/apache/bookkeeper/conf/ServerConfiguration.java, 549, 182,192,110,30.0,6,172,110,28.66666603088379,2,false
